N,weighting,hub_edges,hub_cost,anchor,top10_composite_eigenvector,top1_overall_eigenvector,top1_overall_is_prime_eigenvector,comp_rank_30_eigenvector,overall_rank_30_eigenvector,comp_rank_210_eigenvector,overall_rank_210_eigenvector,comp_rank_330_eigenvector,overall_rank_330_eigenvector,top10_composite_eigenvector_costweight,top1_overall_eigenvector_costweight,top1_overall_is_prime_eigenvector_costweight,comp_rank_30_eigenvector_costweight,overall_rank_30_eigenvector_costweight,comp_rank_210_eigenvector_costweight,overall_rank_210_eigenvector_costweight,comp_rank_330_eigenvector_costweight,overall_rank_330_eigenvector_costweight,tau_eig_hub_on_vs_off
1000,padic,True,0.1,2,"512,768,256,384,640,896,128,960,576,192",2,True,299,467,264,432,265,433,"210,330,390,510,570,690,870,930,630,462",2,True,12,20,1,7,2,9,0.44951459024328777
1000,padic,False,0.1,2,"512,768,256,384,640,896,576,960,128,192",2,True,245,251,207,213,219,225,"210,330,390,510,570,690,870,930,630,462",2,True,12,19,1,7,2,8,0.44951459024328777
1000,uniform,True,0.1,2,"210,630,840,420,990,330,660,780,390,510",2,True,39,192,1,169,6,173,"420,840,210,630,330,660,990,780,390,510",2,True,24,24,3,7,5,12,0.44469027498521696
1000,uniform,False,0.1,2,"420,210,840,630,660,990,330,390,780,510",2,True,32,24,2,7,7,11,"840,630,210,420,330,660,990,780,390,510",2,True,30,24,3,7,5,11,0.44469027498521696
1000,log,True,0.1,2,"910,966,930,858,770,870,798,986,714,962",2,True,407,561,164,330,96,262,"840,630,210,420,330,660,990,390,780,510",2,True,20,19,3,5,5,9,-0.22159792184043492
1000,log,False,0.1,2,"770,910,385,924,462,455,420,840,630,210",5,True,187,194,10,22,15,28,"840,630,210,420,330,660,990,390,780,510",2,True,20,19,3,5,5,9,-0.22159792184043492
3162,padic,True,0.1,2,"2048,3072,1024,1536,2560,512,2304,768,1280,1792",2,True,959,1405,846,1292,850,1296,"2310,2730,210,1470,330,1050,390,510,570,690",2,True,34,45,3,13,5,15,0.5100270526882666
3162,padic,False,0.1,2,"2048,3072,1024,1536,2560,2304,512,768,1280,1792",2,True,786,795,650,659,683,692,"2310,2730,210,1470,330,1050,390,510,570,690",2,True,33,43,3,12,5,14,0.5100270526882666
3162,uniform,True,0.1,2,"2310,2730,3150,1680,1050,840,2100,1260,1470,1890",2,True,162,607,13,449,19,462,"2310,2730,1680,1890,420,1260,210,2100,1050,630",2,True,106,88,7,12,17,26,0.4998828190670784
3162,uniform,False,0.1,2,"2310,2730,1680,1890,420,1260,210,2100,1050,630",2,True,106,87,7,12,17,25,"2310,2730,1680,1890,420,1260,210,2100,1050,630",2,True,106,87,7,12,17,25,0.4998828190670784
3162,log,True,0.1,2,"2730,2310,3094,2926,2990,2618,3010,2870,3162,2530",2,True,1416,1858,852,1286,670,1113,"2310,2730,3150,2100,210,2520,630,1260,2940,1470",2,True,96,77,5,7,17,21,-0.18980390898953267
3162,log,False,0.1,2,"2310,2730,3003,1155,1365,2145,1785,2805,1995,3135",5,True,692,697,70,83,82,99,"2310,2730,3150,2100,210,2520,630,1260,2940,1470",2,True,96,76,5,7,17,20,-0.18980390898953267
10000,padic,True,0.1,2,"8192,4096,6144,2048,9216,3072,5120,7168,1024,7680",2,True,2984,4213,2717,3946,2737,3966,"2310,2730,3570,3990,4830,6090,6510,7770,8610,9030",2,True,108,124,13,28,26,42,0.5592265145816999
10000,padic,False,0.1,2,"8192,4096,6144,9216,2048,3072,5120,7168,4608,7680",2,True,2544,2559,2053,2068,2172,2187,"2310,2730,3570,3990,4830,6090,6510,7770,8610,9030",2,True,107,122,13,27,26,41,0.5592265145816999
10000,uniform,True,0.1,2,"6930,9240,2310,4620,8190,5460,2730,7140,3570,3990",2,True,837,2064,38,1263,71,1291,"9240,6930,4620,2310,8190,5460,2730,7140,3570,7980",2,True,299,311,40,37,64,73,0.5387877737165954
10000,uniform,False,0.1,2,"9240,4620,6930,2310,5460,2730,8190,3570,7140,7980",2,True,336,311,47,37,75,73,"2310,9240,6930,4620,2730,5460,8190,7140,3570,3990",2,True,303,311,46,37,63,73,0.5387877737165954
10000,log,True,0.1,2,"9282,8778,9690,9570,7854,8970,9870,9030,7590,8610",2,True,4769,5958,3268,4484,2790,4019,"6930,2310,4620,9240,2730,8190,5460,7140,3570,3990",2,True,315,283,36,26,74,63,-0.12989607828209981
10000,log,False,0.1,2,"5005,6006,6930,9240,4620,2310,6545,5460,8190,2730",5,True,2229,2235,295,330,331,367,"6930,2310,4620,9240,2730,8190,5460,7140,3570,3990",2,True,315,283,36,26,74,63,-0.12989607828209981
31623,padic,True,0.1,2,"16384,24576,8192,12288,20480,28672,4096,30720,18432,6144",2,True,9276,12677,8526,11927,8681,12082,"30030,2310,2730,25410,3570,3990,4830,16170,6090,6510",2,True,359,385,40,64,83,107,0.6045725132468761
31623,padic,False,0.1,2,"16384,24576,8192,12288,20480,28672,18432,30720,4096,6144",2,True,8041,8065,6488,6511,6877,6900,"30030,2310,2730,25410,3570,3990,4830,16170,6090,6510",2,True,355,379,39,61,80,103,0.6045725132468761
31623,uniform,True,0.1,2,"30030,27720,23100,20790,25410,2310,13860,4620,16170,11550",2,True,3544,6931,302,3682,348,3740,"30030,20790,6930,27720,25410,18480,13860,16170,9240,2310",2,True,1059,1074,115,123,242,247,0.5769474485485662
31623,uniform,False,0.1,2,"30030,4620,6930,9240,2310,20790,13860,18480,11550,25410",2,True,1074,1073,155,122,221,243,"30030,4620,16170,25410,6930,20790,27720,18480,11550,9240",2,True,1067,1073,101,122,249,243,0.5769474485485662
31623,log,True,0.1,2,"30030,27170,30590,24310,31570,27370,28210,28490,26390,22610",2,True,15325,18659,10216,13564,8865,12235,"30030,11550,20790,18480,2310,25410,6930,13860,9240,23100",2,True,1053,977,138,102,220,214,-0.03685759276558474
31623,log,False,0.1,2,"30030,15015,19635,23205,21945,25935,26565,31395,20020,10010",5,True,7210,7325,1109,1160,1194,1251,"30030,11550,20790,18480,2310,25410,6930,13860,9240,23100",2,True,1053,977,138,102,220,214,-0.03685759276558474
100000,padic,True,0.1,2,"65536,98304,32768,49152,81920,16384,73728,24576,40960,57344",2,True,29305,38897,26834,36426,27302,36894,"30030,39270,43890,46410,53130,51870,66990,71610,62790,85470",2,True,1118,1159,119,156,235,273,0.6326664510388212
100000,padic,False,0.1,2,"65536,98304,32768,49152,81920,73728,16384,24576,40960,57344",2,True,25168,25205,20607,20643,21783,21819,"30030,39270,43890,46410,53130,51870,66990,71610,62790,85470",2,True,1115,1153,118,152,233,269,0.6326664510388212
100000,uniform,True,0.1,2,"90090,60060,30030,78540,39270,87780,43890,46410,92820,53130",2,True,10103,19592,1544,11048,1725,11284,"30030,90090,60060,39270,78540,87780,43890,46410,92820,53130",2,True,3629,3545,407,434,783,793,0.60234581611726
100000,uniform,False,0.1,2,"90090,60060,30030,39270,78540,87780,43890,46410,92820,53130",2,True,3611,3544,451,433,824,788,"90090,30030,60060,39270,78540,43890,87780,46410,92820,53130",2,True,3522,3544,494,433,786,788,0.60234581611726
100000,log,True,0.1,2,"98670,81510,72930,91770,82110,84630,67830,79170,99330,94710",2,True,48276,57772,23388,32903,20178,29732,"90090,60060,30030,78540,39270,43890,87780,53130,46410,92820",2,True,3301,3219,474,389,739,707,0.058164293255111035
100000,log,False,0.1,2,"30030,60060,90090,85085,95095,78540,39270,87780,43890,46410",5,True,23140,23344,3888,4027,4107,4202,"30030,90090,60060,78540,39270,87780,43890,53130,92820,46410",2,True,3229,3219,397,389,748,707,0.058164293255111035
1000000,padic,True,0.1,2,"524288,786432,262144,393216,655360,917504,131072,983040,589824,196608",2,True,291528,370026,268501,346999,271867,350365,"510510,570570,690690,870870,746130,930930,903210,881790,30030,39270",2,True,11127,11230,1278,1372,2367,2466,0.6876039449712447
1000000,padic,False,0.1,2,"524288,786432,262144,393216,655360,917504,589824,983040,131072,196608",2,True,250662,250759,205855,205947,217390,217484,"510510,570570,690690,870870,746130,930930,903210,881790,30030,39270",2,True,11129,11226,1274,1361,2363,2454,0.6876039449712447
1000000,uniform,True,0.1,2,"510510,570570,690690,870870,746130,930930,903210,881790,240240,990990",2,True,51078,129390,8566,86889,15140,93459,"510510,570570,690690,870870,746130,930930,903210,881790,90090,480480",2,True,36265,36247,5018,4965,8180,8139,0.6748618461469783
1000000,uniform,False,0.1,2,"510510,570570,690690,870870,746130,930930,903210,881790,210210,600600",2,True,36185,36208,4958,4958,8049,8136,"510510,570570,690690,870870,746130,930930,903210,881790,420420,360360",2,True,36304,36208,5062,4958,8058,8136,0.6748618461469783
1000000,log,True,0.1,2,"510510,570570,690690,746130,881790,903210,870870,930930,646646,782782",2,True,333709,411996,80116,158421,75106,153594,"510510,570570,690690,870870,930930,746130,903210,120120,720720,900900",2,True,33155,33119,4645,4527,7626,7509,0.2331915147732122
1000000,log,False,0.1,2,"510510,570570,690690,746130,881790,870870,903210,930930,255255,765765",5,True,233529,234116,43523,43769,44825,45214,"510510,570570,690690,870870,930930,746130,903210,990990,630630,420420",2,True,33277,33118,4705,4526,7672,7506,0.2331915147732122
